,Granularity,Iteration,Euclidean_mean,Euclidean_median,Euclidean_std,Corr_mean,Corr_median,Corr_std,Recon_errorA,Recon_errorB
0,2,1,30.762140809618447,28.981857007657716,10.705076536197327,0.4448731020568744,0.5690842288525859,0.3975960784505026,6478.066045823428,6582.465759252796
0,2,2,13.889722887316706,12.681358654714218,5.530126447368205,0.8916055088960211,0.9373551621695135,0.11959455028133563,6544.445327025813,6523.234700343686
0,2,3,28.4071012980358,27.75178432628087,8.941724739141883,0.5452373797370583,0.6308722217608896,0.3533814311446414,6506.266017743162,6552.0932507706675
0,2,4,16.86916149836469,15.79968268535158,7.00262626472824,0.8611185453383171,0.9102635900618418,0.17014389271334257,6426.016256054802,6668.062815098378
0,2,5,14.342288435925008,12.885589437896982,5.801606690152128,0.8930006110383448,0.9312579546806264,0.11824299986270416,6514.967664302429,6547.158618897254
0,2,6,23.74476471486233,23.453274557598757,7.825373333085144,0.6186227507815719,0.7102174761890034,0.3373470193229152,6427.236960812176,6657.828157340322
0,2,7,14.00023529002411,13.125044453593308,4.718229731415356,0.8810636006036048,0.9307771252160582,0.13253490515101743,6677.586988601773,6408.881406652476
0,2,8,25.038001410281456,24.029357093007334,8.057401487853893,0.5298533513335898,0.6239626287494393,0.33504148170154036,6713.28333896378,6369.566376101495
0,2,9,13.26809407812523,12.850416023203058,5.351046286882037,0.8622983447513011,0.9064362744438701,0.15248997739605455,6523.699515722011,6544.759450748996
0,2,10,22.263003458987427,20.18742548313665,8.827361275720344,0.6702433341862886,0.7374479164596158,0.30455902892506104,6689.231653450129,6403.221844548671
0,4,1,19.113143538560575,18.47234505484494,5.120027518559255,0.8613977516609813,0.8861937366788377,0.08515897192967058,6101.446969875848,6210.9452720102745
0,4,2,18.41244140930985,17.423141394151088,5.7405653126964085,0.8142629026463638,0.8553349778380264,0.12697478888405697,6185.287334074132,6126.696883357073
0,4,3,16.845854899378676,16.39210701586591,3.934356090688224,0.8368223656232091,0.8627097759881035,0.1125975297680145,6135.020291681258,6177.803992814092
0,4,4,23.68220206242098,23.13221648700807,7.02408749753086,0.7475400594435749,0.7753001177718247,0.15972088225421907,6066.523544421859,6272.9761952939925
0,4,5,22.70314255771873,21.593720908223595,5.930020998042458,0.8116793020899572,0.8328878062802478,0.08755195728090807,6131.996066644188,6173.770068204066
0,4,6,14.254442561392938,13.825170597476443,3.675992693960376,0.8890063288520909,0.9105790925832351,0.07267031747855833,6050.75638859449,6290.3965778726115
0,4,7,24.917386183025126,23.39032442670438,8.05148620647289,0.73047746102545,0.7937288467604597,0.18962955840831444,6292.581515858825,6034.408193847753
0,4,8,26.491167078860244,24.15947947821914,9.917029215368466,0.8182665309102888,0.870985556638917,0.14909576773211097,6336.250618026685,5998.427923983116
0,4,9,22.88976513526647,22.476798505577293,6.541267270301966,0.698864563783036,0.754313978566626,0.19450835158416158,6140.569921018276,6164.111646991218
0,4,10,19.354219929874258,18.43782344959861,6.097113072356426,0.8088010180116919,0.8679994165636393,0.15509240681654504,6296.394446328662,6040.511700078888
0,6,1,23.413804114672722,22.086853542024386,6.077171596862374,0.7928656009016875,0.8246671709914186,0.10076800120081762,5839.426814161718,5957.584728199596
0,6,2,24.58116618481533,23.15746239891424,6.29142049465498,0.7013225776892813,0.7164938184173669,0.11327412662517974,5925.310225448283,5871.9355731575215
0,6,3,16.893876734950577,16.51356300633836,3.9315985223212957,0.8636478247433669,0.8898431847204639,0.08762145748822867,5880.8762270532625,5918.773434053301
0,6,4,17.895942060131333,17.2332843816383,4.941251279550583,0.8781557093547252,0.9047854383955692,0.07897578132021077,5826.754942951523,6001.242896570761
0,6,5,24.11366063117536,23.017237195248704,6.801919073181037,0.8038122673098299,0.8299863928739402,0.10273093215199815,5875.748627081016,5916.498314391215
0,6,6,21.209782980531134,20.87178265978404,4.919445717117023,0.8067993812693641,0.8222490403312606,0.09957544848139516,5793.7910794548925,6030.121005785026
0,6,7,26.70279104162817,24.478189386636956,8.927881343671967,0.738378653873592,0.7725982375976563,0.14387040689902486,6030.101089684775,5784.692717379103
0,6,8,27.19947333496573,25.063435492913925,9.855484213861644,0.7500800059068594,0.7846191926218344,0.13241659325108945,6075.245888608879,5747.9926817074265
0,6,9,17.02357697401796,16.27530017879861,4.623431688277238,0.8712063408659231,0.8959181810627169,0.08467653947546853,5901.230653889127,5907.983482738662
0,6,10,21.081812325031674,20.240665921819783,5.132176995450442,0.8188229901409491,0.843640085830734,0.09072728519522916,6031.856466662663,5790.811253781236
0,8,1,24.87718546465505,24.165476186762852,5.574957889269552,0.7648309823602344,0.801470346649875,0.11526638271820856,5627.50049268607,5731.059675766454
0,8,2,22.685784823414565,21.296251600337108,6.1740202132290785,0.8181999401062295,0.8375008171479066,0.08742727528565279,5700.581637453432,5666.111705207772
0,8,3,22.710005281582504,22.026241043613492,6.317637437653479,0.8012479798798834,0.8278302591978728,0.10345222172801473,5666.710826823134,5701.305909844785
0,8,4,21.932400134544604,21.86866800131094,5.108639079186739,0.798186773644974,0.8220260812898248,0.10036112872499485,5607.883311018179,5779.069912358037
0,8,5,25.303383489943638,24.856877041048488,7.204020736658856,0.8033758651305359,0.8342523158522892,0.10040511602212869,5666.907772955356,5689.646781574624
0,8,6,28.017602636847208,25.65165371032132,9.422943084292775,0.749213902115865,0.7816800421989964,0.1429102408551428,5587.444083138092,5804.580511739878
0,8,7,23.43309226153054,22.946815146181812,5.357559739078022,0.8147326431096222,0.8340315212425669,0.09631731614947137,5815.199526125791,5567.845062632654
0,8,8,24.139677207517018,23.856681320411788,5.869576870431299,0.7925106491143105,0.8223469971655755,0.11629640156154773,5859.9049944993385,5529.818350979786
0,8,9,19.170704121953392,18.437958985853506,4.453811002224364,0.8417584249690847,0.8564462056371993,0.07818756077193552,5680.440308590465,5690.80734087015
0,8,10,18.833171456995586,18.100016347612854,4.022510758131396,0.8510164273927054,0.8686593819750457,0.07698343338629206,5807.467673718193,5579.006123272541
0,10,1,26.77188470909555,26.125483428390453,5.39557420302139,0.735945682058716,0.7673073104609215,0.11536689625857188,5456.1954907973395,5556.830738238715
0,10,2,21.705501708648377,21.017028691940293,4.4160326505254766,0.8101164031988166,0.8179820570970369,0.05942595909523143,5532.9182257385055,5490.420124236629
0,10,3,22.20206184960745,21.1436431277449,5.101293569353152,0.7548021686281124,0.7759260999483398,0.09601695119100012,5492.406093030642,5529.776836443905
0,10,4,24.58079129001735,23.693985740834513,5.203689764012176,0.7618689258401309,0.7796648667817003,0.0935689460213671,5436.79778479815,5609.772311235446
0,10,5,28.677088537601087,27.73777812418993,6.891553522391544,0.7381258962469219,0.7548704390989671,0.08857351697390994,5494.8795695095805,5518.525347782773
0,10,6,22.923715090280936,22.216971019322983,4.22805642756055,0.7737370573804568,0.789316357065726,0.07890624032710367,5411.4091385865795,5644.395864005905
0,10,7,23.081252947437175,22.475718023382314,4.365174045818001,0.7738226597781451,0.781302176930812,0.08199225354840652,5644.084717131058,5395.343517569513
0,10,8,22.74772750057914,22.341348483305694,4.327608331092794,0.8000894939826599,0.8198895309293994,0.08648407796138372,5676.580853154537,5367.625678396508
0,10,9,20.892988726782747,20.571311694380753,4.6679128584625955,0.8191459217694039,0.8275145415077498,0.07351755749146091,5504.85350470139,5520.367911893441
0,10,10,21.619074973919236,20.80302111517569,5.3282127511961415,0.8076783021448776,0.8192903729922083,0.07466834109786191,5629.275255956402,5408.831528651498
0,12,1,25.89524265639636,25.18740155999444,5.265711978644195,0.6935078649786174,0.6990301070480808,0.08194001140459656,5303.793944002899,5409.0557391236825
0,12,2,27.01844056410629,26.508598267702546,5.477257204439078,0.7163421566207959,0.7375647180735787,0.09591464109948998,5379.914883859253,5339.246638701248
0,12,3,24.0269527293178,23.482657723182932,4.966434094814589,0.7349804609641497,0.7538979328014525,0.0900578102044367,5338.011166363335,5384.901233045957
0,12,4,26.760377646268527,25.894476504044064,5.42833365179568,0.7644935379303667,0.7746476437007368,0.07560431088216545,5288.187568177572,5454.9245415756295
0,12,5,29.230908980882838,28.082126867900246,6.595378280289093,0.7152703470562536,0.7253424146463527,0.08414647778620885,5345.5961909546095,5370.5549019643895
0,12,6,27.851735840767763,27.276460296425938,6.372890753833967,0.6875505436891327,0.7014226371010658,0.10276736433706399,5259.308187744461,5496.226307852
0,12,7,25.07875445080874,24.244586214420785,4.881410034909766,0.713941964019014,0.7261371640391556,0.09279047139356306,5499.985149364299,5240.900816860092
0,12,8,26.226825303152076,25.609110212539157,5.797439172533229,0.6523263646435575,0.6655215964337209,0.11571549599686996,5521.225922301629,5225.823241469241
0,12,9,25.61731507519537,25.425329351753142,4.935384330983502,0.7387134029134383,0.7513123669064516,0.07997749978611747,5348.357532471009,5373.217851099868
0,12,10,24.443419207778383,23.736315091189283,5.367797450474804,0.7648138595380102,0.7710359982909443,0.07649680613264231,5479.72701090004,5263.7767570511905
0,14,1,29.657065703380653,29.364805950073034,5.245237734060644,0.6493064581820018,0.6607486914729084,0.10249424645038255,5173.05063568094,5273.410258866059
0,14,2,28.40528297412063,27.8884567427625,5.248588063518516,0.6455478661234643,0.6643804672532757,0.11059755613573408,5247.293308954105,5208.23043175207
0,14,3,23.89809153094633,23.249724347516427,4.261657288397165,0.7253005727872531,0.7382514970164227,0.07559848896264197,5197.637081887581,5250.836974267619
0,14,4,27.314024038660012,26.78460964963582,4.574289035187214,0.7353031581140878,0.7558854423111183,0.09799852549992114,5154.948274217985,5320.671068755568
0,14,5,25.655860145286546,25.056556830628285,4.608823884092691,0.7241926178519125,0.7430239282698714,0.09927859143781533,5206.583209835605,5239.216922762029
0,14,6,25.807468249095194,25.302107477252026,4.955332341908535,0.7276184268623722,0.74093611349796,0.08899074775529912,5125.678060151213,5357.131193498976
0,14,7,26.342244719819753,25.628496373896112,4.910556273850489,0.7129263603353369,0.7317902427522106,0.09343623710004906,5367.502600405487,5104.453175563758
0,14,8,29.140074819271575,28.120316137700847,6.524398242819975,0.6315272634180077,0.6495288668046622,0.12003139338776575,5383.880067044515,5092.087616396703
0,14,9,24.640544341175634,24.00767943968632,4.74952325056284,0.7370968396983998,0.7462392119213339,0.08717297490206448,5208.962669639645,5240.0360217759435
0,14,10,31.340318161357615,30.296022706247008,6.913013115598585,0.7257722108642268,0.7306410649755954,0.0889503258266439,5346.970471567341,5127.619282969031
0,16,1,29.62596009196203,28.9593860904196,5.1895953918520705,0.6388817992596671,0.6490069950272861,0.09393942263922495,5050.020765799964,5148.537126545717
0,16,2,29.22142119525497,28.618860918829558,5.041745473459097,0.6510946054679118,0.6580243550701566,0.09103695871828399,5121.78826951689,5088.434657892878
0,16,3,28.21076890664001,27.59833202650804,5.422061343576161,0.6742657120393806,0.6822167697964565,0.0993218366695915,5071.3049579551125,5128.852157768762
0,16,4,27.3841851112586,26.88560241945219,5.028674951435269,0.6879746932767922,0.7036466986669199,0.10072377436712286,5033.219531647722,5194.822651596515
0,16,5,26.602731684060387,25.89662263258706,5.827055942900666,0.7007278342131631,0.7010208474571815,0.08812327092333669,5083.282512672788,5117.7065675205695
0,16,6,27.869486908500306,27.061630137193003,5.469697106217193,0.704806864597509,0.7267456646218349,0.10410417499983277,5002.803570202883,5237.219421511844
0,16,7,28.503277657156026,27.978917175245837,5.209653714676916,0.6823822168630821,0.6971249553682741,0.09566260137457955,5241.990387636831,4981.459790580453
0,16,8,26.062141605438327,25.241366540640833,5.566808593793263,0.6773013102148788,0.6942475499262178,0.10130209819770236,5260.696104137533,4970.143149450092
0,16,9,25.864391050652653,25.06777124517189,4.706593216458734,0.7288223915483292,0.7392660919855651,0.07574484383888405,5084.780437345156,5118.34987647095
0,16,10,29.795559935520142,28.846010442068867,6.0105729261401795,0.6827831522158083,0.6911562795812228,0.08270092031826073,5220.989706054426,5007.220091316399
0,18,1,30.093750210190553,29.746999221772498,5.276003273588244,0.6395270542752891,0.645605542792415,0.08330945487304213,4938.171661889142,5032.45564448605
0,18,2,29.03118960113951,28.200638212844673,5.288492808172358,0.6520216250539991,0.6735818421830677,0.11449437815086778,5006.498450801623,4976.912383651398
0,18,3,26.73184274724872,26.051097430800922,5.1278967415534105,0.6664538537525124,0.6872567471478845,0.09897830104377307,4957.164737482741,5015.677491781789
0,18,4,28.2406802413906,27.308077626190677,5.828744023712569,0.7049939116007601,0.717080241522419,0.08177442195054707,4923.755636406249,5079.45315342913
0,18,5,34.56747095997806,32.8913778931918,7.945551629894657,0.6857477876186234,0.6988132755466406,0.093454662075075,4969.899011766453,5003.836558273452
0,18,6,26.753164517589497,25.910959980499896,4.882316115991357,0.7063505628732176,0.7226376223886843,0.0835966990802597,4886.123251907028,5126.665392238624
0,18,7,26.6549130182018,25.986046822451975,4.693005995394897,0.6654335866161539,0.6727870469718815,0.09904777545789968,5124.874565825792,4872.879445412221
0,18,8,29.566105707179748,28.46406517901309,6.130887318697546,0.5989991442092418,0.6170520316301711,0.11489607263272927,5146.827119163051,4853.962801030538
0,18,9,24.954343173645878,24.31284791980991,4.282820973823098,0.6993790807343198,0.7135138302433176,0.08044003916185682,4968.713061492258,5005.964616720764
0,18,10,31.49784787309716,30.800752986129364,5.747184520725311,0.6591713266104844,0.6763502553657958,0.0873492938025088,5102.414409068545,4896.494472364369
0,20,1,30.464086302264736,29.378855134835987,5.983523849825943,0.6153267727719949,0.6122454022677879,0.0840803547157599,4831.9994542020095,4925.02842946772
0,20,2,31.53689980638874,30.958626057204093,6.067217144221579,0.5922627663407939,0.6218056632160758,0.1349045826714922,4898.749027968038,4870.325814473029
0,20,3,25.563609929845388,25.069262400544805,4.443253371764305,0.6673457929353563,0.6770640382268827,0.09468000121219018,4850.599684755855,4909.866130438819
0,20,4,27.853705190858605,26.9252623811077,5.388000426129498,0.6532352034294091,0.6658188766333843,0.10217491929094054,4817.88901091425,4970.10895850487
0,20,5,32.53041384679164,31.60184647045238,6.0804746863330426,0.6720104411113997,0.6830110360082828,0.09085866021806492,4863.556834414175,4895.788356161771
0,20,6,29.108528028513177,28.226832222309504,5.332354805628323,0.6297423505848023,0.6471012711073596,0.10164532968606495,4779.015480681125,5019.89767633885
0,20,7,28.313300253406652,27.738335005291507,4.591316181856511,0.6266191484879226,0.638127124675524,0.0935899853765301,5015.819170109147,4768.133262257785
0,20,8,27.477724883550852,27.09428406508364,4.411909959478881,0.626720633790447,0.632005354761657,0.08499922438535627,5040.245647439789,4745.568618011467
0,20,9,29.894447674673003,28.96581260338406,5.735715657828285,0.6106591317719156,0.6300942947657091,0.09727891772332442,4861.784178588431,4900.944288523091
0,20,10,27.519722524141294,26.531424848994686,5.798228404249095,0.7193082599315042,0.7267915820886002,0.07538175952919823,4991.402630103052,4790.913104895925
0,22,1,30.155663085308337,29.575902529377238,4.6009947725676765,0.6071927487515999,0.6192077358851622,0.08692018900214535,4731.072603886852,4825.207089319818
0,22,2,28.762144350449056,28.212757912623637,4.460573640647772,0.6195385536522136,0.6269982711026925,0.08578374424254395,4796.085931641629,4768.939913519655
0,22,3,30.08913069126883,28.532374018486173,6.480261579245494,0.5844992527661441,0.5985869176359098,0.11507663265646505,4749.5468756671335,4807.402735209271
0,22,4,28.860061229120937,27.712694585683828,5.916808121907675,0.6630705404355958,0.67129651548292,0.08544366703920239,4718.03728321127,4867.384374937602
0,22,5,34.251206159515675,33.17660799451302,7.038188122885075,0.6110173021786841,0.6137707487662746,0.09052705384422154,4760.094046606291,4791.819070145948
0,22,6,31.162850549644716,29.92143910385761,6.534593490099643,0.6062117654776016,0.6225147222552927,0.1097785878801612,4678.13363861351,4916.728210929016
0,22,7,28.199758143676636,27.293386324960217,5.400138365347995,0.6537052462375391,0.667210931806958,0.09049145064794592,4910.590504264927,4668.418897241928
0,22,8,27.56088901991969,27.164189864059402,4.166308813342195,0.6452190268519377,0.6545951644295505,0.08089398272873341,4937.168872106924,4644.1783633109635
0,22,9,28.290050407076716,27.747487708310672,4.294650836473489,0.6375974933121135,0.6478007302636253,0.07748367190515476,4760.217955169002,4800.41053879638
0,22,10,31.372794852236122,30.092796534072388,7.253280461608811,0.6362350247351884,0.6464362282481114,0.0871364486031793,4884.7550415332535,4691.788753634413
0,24,1,28.58055811263121,28.03380321802065,4.6449040194886395,0.6550360682189938,0.6656158492834479,0.08423036917372645,4634.945216265912,4727.087681594596
0,24,2,28.669548386054476,28.021329390945183,4.993665893214402,0.6233985503743406,0.6403824367134192,0.09858769800367423,4696.302372129179,4674.7533224878725
0,24,3,33.39363809141438,32.17868442142843,7.0924663803062815,0.5775021689859461,0.5792783759084819,0.10364567106307335,4652.176764808224,4709.153235930272
0,24,4,26.842213819687824,26.419069911645288,4.0303279241573335,0.662230756300623,0.6757711202724126,0.08382435921947734,4620.706954164058,4769.431301194075
0,24,5,32.46238415914647,31.290672558342948,6.308739578598131,0.626816317464253,0.6394819264663987,0.09172535929350185,4663.972927400612,4691.816741269393
0,24,6,29.740065155723205,28.602411930882496,5.238797340844452,0.6268320010537716,0.642653980955467,0.0969015782923342,4582.507642272706,4815.521256199258
0,24,7,29.139055478331453,27.972873593258143,6.570536334797665,0.6527839090855754,0.6603561911472613,0.08613551606850278,4811.565495797469,4573.186552754775
0,24,8,27.625806872867415,26.83522252629387,4.744042077144297,0.6290861346403211,0.630488910847947,0.09382049993444815,4838.28762532614,4547.886058795669
0,24,9,28.65808091200437,27.686379513830865,5.186796671749093,0.6262148320737487,0.6379003289469529,0.09774912673541614,4660.576682901694,4705.012638328741
0,24,10,28.647297994178686,28.303834995822832,4.601340004244893,0.6594524933505038,0.6690359274865607,0.07730853907819804,4784.003062772614,4595.846283780627
0,26,1,27.68382284250515,27.066265661613016,3.986314501118923,0.6479179979742852,0.6520397340594271,0.07189510599606912,4544.376907996344,4631.768030271089
0,26,2,28.366064690059254,27.676419348613926,5.148306998137756,0.6345341932484628,0.6445743317854475,0.09205049066958529,4599.509474312088,4582.5928494119
0,26,3,28.09087391499764,27.967089133558133,4.517242683252047,0.6038411503805093,0.6083845536672278,0.09495395666734732,4558.859404205774,4616.63081670166
0,26,4,28.947957919214414,28.414809677008076,4.532079707767862,0.6490942958934377,0.6634208624625186,0.0865014360075323,4528.561811216978,4674.023483234465
0,26,5,35.1930453614513,34.52315937878983,5.898994765067177,0.5904216087526694,0.6008704770556248,0.10082199935644565,4572.368304144089,4600.553719009593
0,26,6,29.194360387685276,28.4832072847731,5.297937929067712,0.6141248662374558,0.6232120268269927,0.08766489728112227,4488.684173966341,4723.263956489285
0,26,7,30.316097700366537,29.296761742626707,5.840749958525923,0.5952416418265184,0.6023658581350989,0.09625423410547441,4717.351483636502,4481.757700117362
0,26,8,27.679114941247498,26.754922609666963,5.175893350249207,0.6217894666458345,0.6421061139764587,0.10707089593002139,4742.639008249627,4456.440888835973
0,26,9,31.333782355331508,30.605228752681455,6.1718943932312404,0.5862523501103724,0.5910784989701052,0.11226809401453683,4564.085790234571,4612.798092876057
0,26,10,28.144573006029756,27.605521332372554,4.309043266281039,0.6683284761160869,0.672608012800131,0.08257743570139967,4690.444791191725,4502.782951911244
0,28,1,26.627314077121188,26.30423423691154,4.338555983905271,0.6762413416482884,0.6803897534304515,0.07733298218869958,4457.1116415752895,4541.010014274233
0,28,2,28.287415206750097,27.663164118884538,4.4933321989126975,0.6344580865585572,0.6483769461723689,0.08361235632453505,4508.068527240224,4493.915701169062
0,28,3,29.59580306788593,28.790608894393884,5.720570134035461,0.5901818648488937,0.5964277169405563,0.09235729458335351,4470.568700428329,4526.943602074429
0,28,4,28.736062180090087,27.820229024600536,5.314937264153658,0.6608278608017197,0.6735895683818791,0.08433416933212091,4439.95708286582,4582.697527052135
0,28,5,36.201056940727064,34.598410230142875,8.188181222872236,0.5588442170564722,0.5717743228132708,0.0948837211088405,4484.06017764473,4511.98643930087
0,28,6,30.637082894463116,28.786829096780426,7.16347178624185,0.6105686206074162,0.6424266589059593,0.12908940791144688,4400.042060495565,4633.167044227268
0,28,7,28.142257145745816,27.22418203928196,4.844057404206694,0.6468355014619322,0.6469165616350376,0.08291088297236617,4625.227601973362,4392.404923087299
0,28,8,28.232232765357722,27.319300200183186,5.575943347017071,0.6290757190448073,0.6414300419638517,0.0919710615158896,4651.1122178727,4371.133593856087
0,28,9,32.63771924365341,31.89219750690584,6.812370635269902,0.5576597843256855,0.5603397987699805,0.11348134462243699,4474.68424722583,4523.709153356004
0,28,10,30.796443777995812,29.885934089487215,5.281289975790692,0.6273393530904607,0.6403714671378978,0.07594777681599925,4600.840926008634,4412.904728274264
0,30,1,27.768924997059543,27.252133932286263,3.8290977335624934,0.6286218318950872,0.6362061018245487,0.07791683978580932,4372.589458632747,4454.018129624854
0,30,2,25.770397316734744,25.57530683010775,3.7622895365156306,0.6961781804048,0.7040785217753469,0.0731993386846925,4422.601382879731,4409.17484273256
0,30,3,30.099928089480716,29.199856482274896,5.319834576740949,0.57122938018813,0.5813006647692724,0.08980200775787593,4383.354569012796,4441.189381034192
0,30,4,30.95380431830826,29.533266366062456,6.064426832155268,0.6085513182715557,0.6266994648753405,0.09841166245377374,4354.874042973596,4495.146862970351
0,30,5,34.159276309934405,33.182673713885286,6.887464596119918,0.6220776009774157,0.626656287368816,0.08357182834949302,4398.094128042839,4426.874731650291
0,30,6,33.39870003848642,32.18890834405404,7.139347910120216,0.5660885538288114,0.5757571132898427,0.10664108395037329,4316.248678601751,4545.043554790155
0,30,7,30.033927050405843,29.256147520113835,4.7666973639443455,0.6085177145265506,0.6044508557443186,0.0868455414464122,4536.6191245752525,4307.116822625935
0,30,8,27.909507201227985,26.844844124479074,4.873187321274828,0.6379878312882643,0.652519375811231,0.07622707050568905,4563.138404654664,4288.723504056085
0,30,9,30.987230443759156,29.76353677780277,6.105918476075684,0.5864427349423711,0.5933774100999107,0.0989877576093145,4391.455907513444,4438.0836151945205
0,30,10,29.29792268395933,28.691136689788465,4.812380724744466,0.6459549173371345,0.6472916393767648,0.08225306543560555,4514.571056498226,4328.8225116105405
0,32,1,27.445479033834545,26.85353028666036,4.271188393132825,0.6634765641140428,0.6728284633305461,0.07344148153127918,4293.382570016511,4369.947526613744
0,32,2,28.542728243459965,27.77574288210365,4.913585555670085,0.6460754406656514,0.6482768064585216,0.08341625097244773,4340.003420730468,4326.446956667618
0,32,3,29.66897194586747,28.412895165525242,6.149192877852264,0.5865846197082529,0.5962124582980076,0.090775445322179,4299.947257019954,4358.620207581364
0,32,4,30.905235205428838,29.799736855137844,6.583354000602152,0.6144760917209534,0.6175063527363938,0.09025027266696484,4274.189089975272,4410.647150483687
0,32,5,32.78287368714721,32.00109784739311,5.94475395446241,0.6168566453806018,0.6253824753903832,0.08826076133187129,4315.593420466793,4344.48227965684
0,32,6,35.816654324124,34.150842257070714,9.035334137701952,0.5144393961833438,0.5374721954530086,0.15175201877392147,4235.607956826369,4458.851526784271
0,32,7,29.254449345183158,28.352731844498905,4.974794928548739,0.597970777711997,0.6025845224004664,0.08633505910679147,4452.160553280626,4225.829806655361
0,32,8,29.123548994818528,28.240719241324527,5.3893364616209025,0.6079470783864865,0.6209395235090425,0.0928573384279583,4477.652785943782,4208.050084234453
0,32,9,28.837115236690416,28.256094188985326,4.760637569404028,0.6138447331457882,0.6172665810478171,0.07273075415872847,4310.10164178398,4354.823625032856
0,32,10,29.318492190561546,28.586424601933984,4.989763668103079,0.6422727152007559,0.6545978423580597,0.09228101292723381,4430.166080946834,4246.729040880057
0,34,1,31.603355349338717,30.252888494309275,6.5028530807588005,0.5886496808496422,0.603619354831523,0.09856021680656464,4215.025419614644,4289.372722530062
0,34,2,28.92268454640585,28.368363074387297,4.4219704794257995,0.6411463975306714,0.648564878421171,0.08765076143824563,4262.021763010107,4246.383437865571
0,34,3,29.89395675470968,28.946707473657163,5.089192368101085,0.5686846913682528,0.5731368816732711,0.08321292234469616,4219.978877350274,4279.092759902766
0,34,4,29.687593191451157,29.096849313922846,5.495984953473984,0.6282252140668018,0.6352289119771686,0.09053846016434136,4195.200386033972,4329.716708964657
0,34,5,36.20850765888077,34.96764857200093,7.816812763442393,0.6448582363132935,0.6508406863280801,0.08940382150678595,4237.369695642095,4265.110035162726
0,34,6,34.856514288205666,32.95341960144179,8.588963821018107,0.5081333995114782,0.5313583039287434,0.13915509925084238,4158.04721982368,4376.709942124684
0,34,7,29.43287883774048,28.27527607464483,5.666822586866155,0.6277078924642213,0.6290686101683243,0.08637139597626994,4371.977020985316,4145.9811365934
0,34,8,29.83834805705084,29.016301196708795,5.2602779869126985,0.5726289689120935,0.5785458613727597,0.09241779697396316,4395.01105109956,4129.8425507168195
0,34,9,32.89360647170096,32.23681506397578,6.609199467703736,0.5336893997673531,0.5327711534770478,0.10402673941812986,4229.621093459499,4274.538347860883
0,34,10,30.143245827188252,29.43187087758432,4.910583534313201,0.6204648741284111,0.6302234647031844,0.08065680351102021,4347.476472130921,4168.488143066803
0,36,1,27.90051013512985,26.824296688270003,4.839159419875189,0.634259844504326,0.6422469199109408,0.08183511458840735,4138.810387145204,4210.255862556589
0,36,2,27.789837268028204,27.35212259452894,4.205300251897985,0.6464385242675376,0.652686572444566,0.0772903207374922,4185.217581998711,4169.481594410949
0,36,3,28.459356875794047,27.576099862519936,4.810308269832228,0.6046007079862558,0.6039658164437962,0.0783311553678587,4144.416394025986,4200.910083022798
0,36,4,29.67350350011085,28.52419209660114,5.9634729838998,0.6416041008972639,0.658288099832082,0.09300207673520305,4120.28211587825,4251.021816811596
0,36,5,34.021153816993355,32.98415885458891,6.4799818133293625,0.5545986349274556,0.5633277701434685,0.10909121357147479,4160.893035692945,4187.832338866619
0,36,6,35.264711547109705,32.832602356052426,9.793143744510562,0.5437393449453164,0.5740672339199646,0.14661313887039235,4082.4243358098843,4297.735554115607
0,36,7,28.07901684016842,27.27519586428125,4.5497177555645685,0.6474287456241401,0.6535914353671013,0.08059908278745986,4293.1664407363705,4071.2239233036853
0,36,8,28.09807785573105,27.434655024095825,4.296790726877578,0.6280843190097957,0.6345844792930874,0.07552992992514682,4315.203954178489,4054.3210197476546
0,36,9,30.79974645113997,29.7541441395265,5.01901657392716,0.5680646713079183,0.5792758891930445,0.0914513360736934,4153.850823718062,4197.226981578153
0,36,10,29.800211503306574,29.373626141622978,4.392442037788128,0.6155667717989705,0.6223865451133097,0.07885573918978163,4269.221522629059,4090.5705779511936
0,38,1,29.225827107456794,28.57838657422084,4.546777188014165,0.6225971705875624,0.6310403092215413,0.07795784908395378,4066.4084697324906,4134.735363536361
0,38,2,31.464228254755472,30.27568305908663,5.987208812185729,0.5961996930883312,0.604216309588226,0.0890038709763512,4109.689126286048,4095.5839745900457
0,38,3,29.067295855218898,28.062989487749874,5.610166503259245,0.5860211063371416,0.5976936604829808,0.10780881626215258,4070.564311075067,4125.061358241806
0,38,4,28.09145771534064,27.45015117758605,4.698043077940592,0.6368276668134152,0.6488642967311462,0.07789805977674141,4047.5264319669395,4174.903442447829
0,38,5,36.96928030316556,36.29224115644075,8.438966462897318,0.5469929818831268,0.5534897637473617,0.11838474985812426,4086.8714148446243,4113.076565224127
0,38,6,31.53159192348335,30.778446206900444,5.750170332594178,0.5700670650302452,0.5773176756717557,0.10235544475920172,4008.5809969269726,4221.652518775671
0,38,7,28.803902610416152,28.026341112625467,4.605513083391242,0.6210976542128428,0.6297781937596373,0.08384347461080267,4216.6348813927325,3997.5107402581807
0,38,8,30.847779130789508,29.710935399737647,6.143721307673271,0.5690754948996564,0.574381759442633,0.09076334126477774,4238.928965171536,3980.1427691009944
0,38,9,30.354390747810623,29.693749658744174,4.569059533814135,0.5871197826098682,0.5887157772879662,0.07824174705797986,4081.446107644394,4122.618274240474
0,38,10,30.1068843717334,28.939903481461528,5.744345642792795,0.6167742046092741,0.6175281888539397,0.08557736264563172,4193.803210652447,4015.8180841104454
0,40,1,29.995088318984227,28.741699333884874,5.364148762252016,0.6128537764206817,0.6162369378893289,0.07868519646826946,3995.6080191059978,4060.7113364299244
0,40,2,28.241517305526653,27.648068694305188,4.7308035280172165,0.6340379406490048,0.638731903545674,0.07841704398091721,4038.0752282338644,4023.0125667466305
0,40,3,30.05713846271087,29.061898639967506,5.487571457278514,0.5850842012211949,0.593402647564264,0.08526654360352151,3998.4491630898306,4051.696015670577
0,40,4,30.88158889540838,29.75192034525651,5.838243058397763,0.6001353314897951,0.6057553834779508,0.09220515325155261,3975.2519827524984,4101.727156503744
0,40,5,37.759467073114266,36.685812758283916,8.242261084354679,0.5534481730868672,0.5526225576058468,0.09662193353556219,4013.0394740406273,4041.572548019381
0,40,6,34.64424189765621,32.8310779164722,8.271635287585223,0.5465905505499944,0.5584790872705594,0.11505142498363832,3935.682061550537,4147.593771223306
0,40,7,29.70162480158147,28.982836623533206,4.871825575037797,0.5878521975916478,0.5896330790669794,0.0837692590953534,4142.579246274707,3926.102337789956
0,40,8,29.86569774695829,29.011502756179606,5.730400978446263,0.5828929104082328,0.5916844206815662,0.08622572498648075,4164.631650355796,3908.765277921453
0,40,9,32.41812387735297,30.885979785779313,6.171782484960003,0.5397127782689187,0.5504881941036672,0.0928065140940181,4010.4233904640996,4050.77980688728
0,40,10,30.586556986155045,29.720782241665724,4.832934079786374,0.6028547685718822,0.615891286328707,0.08533118039795982,4121.967684161698,3943.339370230905
0,42,1,28.968975154069582,28.094194635888712,4.869022468231399,0.6170435405908486,0.6215801494831992,0.07755164546881368,3926.892386042886,3990.540221607084
0,42,2,33.946136641742854,32.69133918918313,6.7420850864356385,0.5283095981493856,0.5217287888366617,0.11045913949565894,3968.2187917815795,3951.1270260086844
0,42,3,29.97900987717721,29.010823316278866,4.969955489476759,0.5537887661676568,0.5582249901273987,0.09466139890128958,3927.9101711388284,3982.180898184084
0,42,4,27.94780419580232,26.932545706274187,5.319514326176312,0.6581725825996998,0.6639372119018886,0.07678685662415653,3905.241481237127,4031.619684310018
0,42,5,34.902039620567706,33.73868217414328,6.944452377903406,0.5942426874881778,0.5962544893125625,0.0835663861830248,3942.990451360678,3972.7896506622765
0,42,6,34.4493979175905,32.325346838052845,9.321325015595331,0.549324689408089,0.5648782580500075,0.135751633189068,3866.7997901199606,4076.912756875507
0,42,7,30.85220217753655,29.890759137674337,5.359845457237567,0.568306208970296,0.5764883718620866,0.09012478979414645,4071.7700559037366,3856.9889255484745
0,42,8,31.99913200324524,30.750593049403925,6.5334241705280105,0.5548693137249284,0.5566221774066404,0.0950512337600443,4091.9149867720444,3839.433872177506
0,42,9,31.139035764560045,30.121862070884227,5.359387982556129,0.58622477813219,0.5901543155351285,0.08117000705679883,3941.519499590595,3979.5473379217106
0,42,10,29.023264815452723,28.134438472248462,4.9924530237867,0.6184367155259649,0.6269799294746947,0.0847557414189629,4050.8786330652906,3875.0240491716227
0,44,1,29.70193178336873,29.015923618415243,5.024468819715858,0.6074735602145883,0.6158831838997064,0.10013721111751692,3859.5390541459833,3922.858880178374
0,44,2,29.852420220042088,28.971798884292095,4.949074042138612,0.6201270936041663,0.6261404071553941,0.08825988762247883,3900.911389427529,3882.5436216824537
0,44,3,27.582201964722685,27.027611871248606,4.1700147754849874,0.618731451564596,0.6241115693378735,0.08065157018115321,3859.254075820577,3914.5263466028846
0,44,4,27.612824919895615,26.99798018105208,4.282843149691588,0.6551373213649875,0.6641683001044214,0.07610698778494358,3836.640615058992,3962.1030248728916
0,44,5,40.34282614573091,38.99110163056034,8.941709354051103,0.5203012774842269,0.5437727853460317,0.1270522761260448,3875.320787451978,3905.412552330725
0,44,6,34.06685399779953,31.949016410635927,8.547114567545004,0.5515900342727184,0.5668831347856769,0.11403581404992447,3800.0067402379577,4008.604468281862
0,44,7,30.648692787912115,29.7317001769791,5.285226238161224,0.5828172963288684,0.5916467733083026,0.08988766266486614,4003.3548543932498,3789.313484909085
0,44,8,31.570731471148186,30.91635010098311,5.142136174412856,0.5449226779655328,0.5490821992370818,0.08794966177554647,4022.169440391722,3771.1952750581468
0,44,9,31.849973627000622,30.804447973265248,5.371626323207947,0.5734049443311292,0.57697977549733,0.08418346665660585,3873.6081963602796,3909.6424202409153
0,44,10,30.013992974353858,29.140904251318965,5.606623725810049,0.6057199245777217,0.619288358961367,0.10488474308184524,3982.6167300970083,3806.685303671553
0,46,1,29.00500416431584,28.29329612812629,4.675068959964708,0.6274748894096639,0.6287298050380561,0.08194185859489578,3793.769830379811,3855.6458199883805
0,46,2,29.733447311531652,29.10292425251741,4.953579370419156,0.5911806532800588,0.6020302442949761,0.09350439868293964,3835.0317336534877,3816.933475499317
0,46,3,30.063923724773264,29.454172239728763,5.171421999298594,0.5833973594220891,0.5855879571772564,0.09256788810822138,3792.9496391636408,3848.564806646552
0,46,4,28.84391753036687,27.739443597568563,5.314358084106709,0.6308007066759858,0.6336190119660032,0.0739243126675875,3770.699599922565,3894.722758924357
0,46,5,37.36398233658665,35.9270655201849,7.821755037398427,0.5711091083228337,0.5761705037211676,0.09280691684434082,3810.427458479448,3840.225579678436
0,46,6,34.10151797552061,32.17219429027832,8.58635452581686,0.5415932555934783,0.5585524838744318,0.11774931706804949,3735.148585334451,3941.3269010022723
0,46,7,32.47680018496762,31.610099485514574,5.6251368238085,0.5471687372639005,0.5496970673561925,0.0927668286010505,3936.5234326708205,3722.5555071931367
0,46,8,30.76560421700434,29.779245417021777,5.68407145302027,0.5415306683812988,0.5479160566849041,0.0892140845587956,3955.021454241682,3705.5003374497755
0,46,9,33.05360340356491,32.003493504855484,5.9620443691746186,0.5534523344202931,0.5569309984398126,0.09004622809641298,3807.0053526660195,3843.0399451615335
0,46,10,31.281144245730683,30.19917764552982,5.8558527961453715,0.5989631948109999,0.614244211903777,0.09924306100534995,3915.8281399198754,3740.928903795672
0,48,1,28.60279953123058,27.799638301725906,4.533935937240317,0.6056165566255299,0.6158702938258231,0.08134085420804557,3730.6240026138425,3790.4910099233443
0,48,2,31.470465014442045,30.61948323885106,5.751806142456477,0.5768367788221651,0.583000786530718,0.09250287585896004,3771.7399905582515,3752.968457607833
0,48,3,31.102535344370086,30.39876443524725,5.373321040317613,0.570684549577646,0.5720283368487322,0.09351198715744499,3729.729799075553,3783.9972690982236
0,48,4,27.011473137036877,26.244761132906575,4.181697944456817,0.636029638257667,0.6390281002465205,0.06944817844777768,3708.0225306016596,3829.179334070334
0,48,5,36.792126438866624,35.25477603697264,7.57242100090105,0.5659257825264197,0.5827144251128641,0.10342200071974138,3746.6445822940063,3775.891786453192
0,48,6,35.18322818401949,33.76987298298746,7.717396607258902,0.5147368119397979,0.5262566852015143,0.11097854826437557,3672.124876163482,3876.1131252975742
0,48,7,28.940947910982803,28.060735937031172,4.603467236296816,0.6178931041673942,0.620749727864591,0.08263074972366494,3872.5084493216514,3659.4085328702276
0,48,8,31.662870416177526,31.065620978344825,5.317576184320625,0.5441980786986923,0.5556529799919097,0.09182281006120299,3888.9785508691725,3643.23568401095
0,48,9,32.89352897816794,31.382593317387467,6.939676877105124,0.5338291236247306,0.5484603543335833,0.09994518730218119,3742.733194180625,3778.49896464398
0,48,10,31.92783169827884,31.179911894652253,5.379962793654271,0.5657470340632141,0.5750555123634162,0.10241966611528618,3850.853482619475,3676.24802767637
0,50,1,27.063210645992694,26.40153731842522,4.061377875344179,0.6405606412267422,0.6468438466120705,0.07988093110366813,3669.2013928488755,3726.909572225155
0,50,2,30.80478822018588,29.49906828223869,5.726488400068436,0.5712548848620246,0.5748234511395272,0.09018523313733255,3708.513181810397,3690.4395939151486
0,50,3,30.029595399090066,29.04774905585006,5.485016910205095,0.582206631032892,0.5871979346673288,0.08793650961942691,3667.1745193773877,3721.9170718776195
0,50,4,27.576860375423657,27.10503691603118,4.47586434828878,0.6658337249401877,0.6709249587423456,0.06895186327057146,3648.293803760458,3765.876226287416
0,50,5,36.88796204260459,36.020989163511715,7.195685840158163,0.5680522953622831,0.5868310542036532,0.11221279133482574,3684.091861398177,3713.70558604258
0,50,6,31.853888103093038,30.292999709908628,6.88581337592478,0.5537163365739766,0.5576877327854378,0.09830656059205965,3610.885107091697,3813.1855599372857
0,50,7,33.54868385689518,31.894523446778628,6.76471133856973,0.5232840990550398,0.530457937175929,0.1064144082131847,3810.049465828784,3598.156879290316
0,50,8,30.16078690530944,29.32794626296998,5.058766321464595,0.5594021974112233,0.5703123397676464,0.08960618766418268,3825.125971256803,3581.82045256325
0,50,9,33.586700757931006,32.6863731829568,6.983374166670728,0.5310475892278836,0.5318871819162514,0.09729953915206634,3681.2673550861373,3714.5076054574333
0,50,10,31.663297351126896,30.591017345586742,5.475036591413464,0.5452169125782143,0.5549503941069049,0.09212303118233045,3787.682336462923,3614.5841161590674
0,52,1,28.494919287301453,27.593161277690555,4.561988822167447,0.6372636909311334,0.6468644762867781,0.07564764186241361,3608.7390879296545,3666.3928990398967
0,52,2,28.871519634524926,28.176420439628743,4.492045182300545,0.6321851936431508,0.641053408403095,0.07641400495652076,3648.3458801743427,3630.0545289219554
0,52,3,31.70189380870963,30.74739263161725,5.882178372965787,0.5342095172025243,0.5330865440965413,0.11300171829634333,3607.146805733531,3661.9081739813496
0,52,4,29.288847142192495,28.097738788896248,5.82020399712609,0.6157830200932701,0.6241080304903269,0.08267984770000378,3590.6945924021506,3704.9666764850494
0,52,5,38.098853523934366,36.57759098342635,7.482637921917693,0.5512650256196617,0.5633059864340013,0.08998126198603133,3624.515557205213,3651.6243727121664
0,52,6,31.6907971421406,30.426269625416424,6.95173498505344,0.5783884339526196,0.5882912436542553,0.10788067117308567,3550.703613062748,3751.665981598589
0,52,7,30.5333013093346,29.527960977485915,5.174276782466891,0.598299239349453,0.6086922592669131,0.07927838717372553,3747.972144822889,3539.4566413436573
0,52,8,27.895603901484378,27.057269846417803,4.834220042721912,0.6173324015485866,0.6211631538815935,0.08137973345462297,3763.583618457064,3522.9360847898038
0,52,9,35.157230325535366,33.08343414974027,7.467614007304601,0.5013122854348503,0.5191716414937532,0.10807401034807741,3621.1310884556265,3654.6835530664257
0,52,10,31.754501735793628,31.040532582833507,4.984078060831043,0.5750278376897486,0.584438761723663,0.09208092707646406,3727.0957436718663,3556.124936064859
0,54,1,29.478973968575897,28.432129264472437,5.0780924787361,0.6220345756658833,0.6365316825770575,0.08692398612684382,3550.0330850718988,3608.6214041239887
0,54,2,30.563594553186924,29.481380901986647,5.5224674270492855,0.5853095782878532,0.5886181835503518,0.0853662591484262,3589.403130958381,3572.4799922900274
0,54,3,31.300705110052114,30.81148447517807,4.732850865428232,0.5267834439422406,0.530651597272035,0.0929930913656587,3548.8216500127937,3603.7204815347436
0,54,4,29.576030721118194,28.76471488744138,5.185947771285937,0.6308254214749816,0.6372579458716341,0.08082546379733398,3533.570874378168,3646.072033237849
0,54,5,37.30267726976839,36.33884598824464,7.5435462993792655,0.5686484314567165,0.5711188458759909,0.09385965797907196,3565.9033453414872,3591.7359742537296
0,54,6,33.618430002599816,31.945954679542485,8.300854978219459,0.5324857845520697,0.5445159514973619,0.11344661652485417,3492.181259534386,3691.8226941965563
0,54,7,29.152187394182896,28.782922945610697,4.527684544990474,0.5967365846695365,0.6027462298864257,0.0801242163642058,3687.486077915616,3482.1674288116506
0,54,8,30.444690383332837,30.029476170014185,5.013700075916015,0.583083892009813,0.590344443541403,0.08635098998347877,3704.0651249105804,3465.337860784142
0,54,9,34.85718541087378,33.74406925625978,6.715861871482785,0.5127881705134981,0.5158287570116404,0.0888876934966528,3562.3484615443176,3596.287613461675
0,54,10,30.325451146103383,29.716095241024114,4.972591793407559,0.6146420223191134,0.6245985430776558,0.0856385636241463,3668.3695181315184,3497.8185067009504
0,56,1,28.68798499812902,28.023575021793718,4.231157324770064,0.6204909772956165,0.6242288367984139,0.07398974350320794,3492.8839335804532,3550.5855613939184
0,56,2,30.95703341547847,30.500213805747954,5.193408907883305,0.5664677900597909,0.5706699246352692,0.08977084586539547,3531.9592486154834,3515.418531902103
0,56,3,31.162773566209136,30.493155111245887,5.437076503343128,0.5619602362959807,0.5687352940048269,0.08824941379584987,3491.803085248543,3545.3223749032795
0,56,4,28.624479468471876,27.987586303393407,4.978800722092922,0.6249900998130707,0.6325995193251872,0.07976448511369048,3477.438429548187,3587.3113667513653
0,56,5,34.03683219823536,32.89254209372838,6.5267538863883665,0.5884891285314402,0.6021044566906102,0.09604201805034766,3509.07352060732,3534.4854542973667
0,56,6,31.6906657243488,29.979827536253943,7.53278320888663,0.5530456030175401,0.5771875312730803,0.11959473606246993,3436.4435765484386,3633.446072668031
0,56,7,30.63580877226673,29.543372206229513,5.8318821129898035,0.5823182111354219,0.5935471344263217,0.09932183486027353,3629.0176296092886,3425.9107608174527
0,56,8,29.160404516276373,28.35772943572008,4.582480138010255,0.5788409408122518,0.5836380140244164,0.06817319915417794,3645.7584051923186,3409.0868480756935
0,56,9,32.640660329328675,31.154183294381742,6.38711165201771,0.5748450451451078,0.5920253903630652,0.09436130062662045,3505.59887806509,3538.0534599635703
0,56,10,34.5907631094967,32.89040881134899,7.978641187395276,0.5444536868245408,0.5623764970999675,0.10771798762642219,3611.4147016800675,3441.0208769385863
0,58,1,29.592984055975027,28.351337088739243,5.441874812693718,0.6040193705144618,0.6225245947750331,0.08753565285601637,3438.007320558305,3494.2976290642023
0,58,2,30.11400377780208,29.04158341931402,5.51021044446786,0.5860110110843828,0.5950120446701586,0.09017365334131396,3476.386951195709,3460.0399714584396
0,58,3,33.59174910712616,32.01520437255789,7.268210431872152,0.5164909354108775,0.5179577174899566,0.10339696362815698,3435.477405872376,3491.015753283768
0,58,4,31.359921877543332,30.11218246965131,6.514927207235861,0.5956727917564908,0.6152527167400847,0.10333959100586859,3422.214161238231,3531.4578951043604
0,58,5,38.85375115836626,37.511204833335455,8.435536461068672,0.5551953338632892,0.5625777254669532,0.09846717867252484,3453.9408287841043,3478.0728078390075
0,58,6,32.59570260252792,31.674001900884676,6.120426612912623,0.5453987769788738,0.5555685397883523,0.09592114890441288,3382.635666512672,3577.4692724328006
0,58,7,31.66397053198025,30.723670450186667,5.1011388519433805,0.5628370413925694,0.5700151688988027,0.08643445829791511,3572.5417208768117,3371.4667071453005
0,58,8,29.7957034447475,29.441516820843386,4.4000390531939,0.5747062299701902,0.5753128146575227,0.09054635028355541,3588.494964216827,3354.542024243941
0,58,9,36.89142070390477,34.824605561580654,8.58075382827339,0.4830684751146247,0.49591355322565134,0.11152386840141207,3449.361659165275,3483.1496779384693
0,58,10,37.875237411983996,36.85053769144932,8.161457370443362,0.47116532483476237,0.4811116362120491,0.1162223157459693,3556.751822134505,3386.3899888144083
0,60,1,30.976210150643606,30.317745193576478,5.3715898941544635,0.5626451868110885,0.5640056561219678,0.08538850204402183,3385.159187557563,3439.219993986465
0,60,2,31.229613734020717,30.344775821804703,5.146464443698182,0.5532877922502779,0.556269540537639,0.09826554374075105,3422.577471135378,3405.8745272567357
0,60,3,31.514292933266336,30.41791993511035,5.691259380591617,0.537779124407509,0.5468493442949756,0.09509488395382856,3381.5680742870054,3436.8885762483587
0,60,4,29.316735893943296,28.49127198121367,5.155828084149237,0.6258755110487167,0.6237387510771708,0.07463879734870789,3369.21016636253,3477.92114400787
0,60,5,39.465378420720114,37.818725507286054,8.254979006424957,0.534461429418632,0.5424103929693769,0.09037436438985295,3400.010036100129,3425.4981352941804
0,60,6,33.84512865689472,32.82985923402238,6.782534829362249,0.550434537875299,0.5606230542349924,0.10501868841021962,3330.696006245183,3522.4213949434525
0,60,7,32.05198223794916,31.092645678302063,6.132094776520197,0.54838923010704,0.5548412688094921,0.0972157825726214,3517.580998188012,3319.253387822656
0,60,8,30.262994154331874,29.262986018103092,5.465943686217305,0.5741978241788223,0.5811812768100579,0.08337532645979995,3532.9428827124298,3301.5800983196095
0,60,9,33.419696833431786,32.30213583636804,6.379806783730443,0.555731448188182,0.5661583757373755,0.0895849882700676,3394.833919886274,3429.4595586812216
0,60,10,37.07669271323604,35.5358562341272,8.436202307032408,0.5063130391035646,0.5124636406825658,0.11297419403899293,3502.2445524210625,3335.149193396146
0,62,1,29.20901750264584,28.34831568104892,4.853158323623387,0.6357626840216375,0.6452352722173645,0.07178858124254009,3332.6208822502326,3384.7863588072496
0,62,2,29.854505193306235,29.214736812362517,4.753129563941079,0.5864740354329415,0.5961525152926181,0.09430277956986448,3370.923753864968,3353.1559681155522
0,62,3,30.53950651519205,29.864535795617122,5.194359267021547,0.5600283883861812,0.567394224097328,0.09316326135815409,3329.5237393456414,3384.426940898908
0,62,4,31.6659208488391,29.98254566596804,7.202850708854098,0.5847263211986574,0.5945284996966385,0.1073512058921521,3316.7065925969264,3425.564985299899
0,62,5,34.964225409589055,34.13907971584782,6.132293903604618,0.5875441125584586,0.5961852733899633,0.08985555938391215,3347.192286016819,3374.7165548632906
0,62,6,35.52557424813861,33.267848118129486,8.145296754863677,0.5137233877227454,0.5243742130163758,0.1038138505642132,3279.380400320067,3468.2994291235664
0,62,7,32.14418680580284,31.548631181415857,5.52779990788793,0.5453916085240078,0.5464380115206289,0.08612702383881592,3464.1997873613905,3267.7882498847302
0,62,8,30.500079904700584,29.084605941442653,6.8119335002446695,0.5588446594511257,0.5772403269874296,0.11458411355296012,3479.8842021464957,3249.468170106179
0,62,9,30.68964246262192,29.95002457055724,5.498754596673286,0.5938344142547763,0.5999755938693692,0.07912854466450427,3341.58256059623,3377.20722208647
0,62,10,35.767861695867914,34.51360001837038,7.145493771122531,0.508504521890032,0.5172719295080268,0.10176641337900226,3449.297199870134,3283.200162486282
0,64,1,30.23496476705044,29.33337015652897,4.961117708687264,0.5878657128580774,0.5988248028914713,0.08062343905890895,3282.4706091014036,3333.6727626925594
0,64,2,32.12067096418423,31.4864708717914,5.588147957062506,0.5496045181383443,0.5557986447364921,0.10533331320751756,3319.829898321938,3301.5194568662673
0,64,3,29.718714941983865,29.26491686155852,4.65302706121971,0.5705260243721114,0.5714752040096507,0.09000894616392946,3277.1835011716407,3333.062411937563
0,64,4,27.67092149622548,26.984056825922423,4.12756200227768,0.6537529884429711,0.6538637077101627,0.060778220260638435,3265.7268471105967,3373.3132860891337
0,64,5,38.073036671539924,37.29932300017197,6.30729496199494,0.5363723639690836,0.5454262896504813,0.09234400990584904,3295.9304711481263,3324.3899086735614
0,64,6,35.38666303465394,33.66716810732069,7.379432428427932,0.5004543841527513,0.5050201022549146,0.10343533578867142,3229.9705231881876,3416.4898394665797
0,64,7,36.70581759651385,36.09205223935106,7.039769336799138,0.4820184315366865,0.49100538346616485,0.10294391361917836,3413.301727645746,3217.5278777144813
0,64,8,30.89093315454463,29.87929629077619,6.050447958705974,0.5552117269417921,0.5598293710396106,0.09998357252608053,3426.7543162769043,3200.254208517573
0,64,9,30.93018393455156,30.117139827963506,5.412483694889648,0.575657988268109,0.5924607354925338,0.0946260156012254,3290.3440365788856,3325.951354206648
0,64,10,35.959128377231885,34.58197169226284,7.4456010240309,0.5173391649275044,0.526869570778277,0.10581762781064531,3398.009111131758,3235.1099648594973
0,66,1,30.736758128367065,29.98094090983244,4.663540940398742,0.5702818000879745,0.5766463004394864,0.08340633103936711,3234.336037554462,3282.602827126774
0,66,2,30.000189593497335,28.978359968631487,5.2805734760918215,0.5917820446457681,0.6076521186270889,0.09580430099918859,3270.0828839122896,3251.874423899864
0,66,3,30.40801698937437,29.29216090179604,5.3446151365541095,0.5715662095311048,0.5783461004239321,0.08798640311497583,3228.482909304839,3284.1959957531517
0,66,4,27.741778337542588,26.911748383601648,4.67344217039889,0.650629417723152,0.6565885522713573,0.0680160873421331,3216.3870307489597,3322.096542870464
0,66,5,39.48808140428501,38.690879325403984,7.651163091842279,0.5347502147473152,0.5369125208896586,0.08833008010044674,3245.124032960565,3276.051139355976
0,66,6,32.93267285131849,31.332287646596967,7.088323195605533,0.5552864528444789,0.5674377333199836,0.1059652279241139,3181.8732537300207,3365.242969315424
0,66,7,30.63982276899306,29.370038569052333,6.281083806812549,0.5765463045622667,0.5880193073900339,0.09973256025142628,3362.6545748701974,3170.0233637678534
0,66,8,29.252244109034432,28.26482742330281,5.743919970749365,0.5926850536589775,0.6059062940639026,0.08999489225153304,3376.674077712028,3151.8448359465274
0,66,9,41.32511895835308,40.15363252619751,10.32378073503159,0.4397045006348426,0.4406820407488725,0.11550919753273682,3241.426784408151,3276.6175305746688
0,66,10,39.24566819386153,36.630207112225065,10.969293955839875,0.47644052352481786,0.48681324817341387,0.13750296658897415,3347.0746453798283,3186.4577005907668
0,68,1,30.6353891461568,29.287252035372376,5.620048824076629,0.5814203218762902,0.5955635109493985,0.08979017491850706,3187.2116361249514,3233.645098922829
0,68,2,30.276604938298174,29.231697089013025,4.966275788727145,0.595252648621065,0.5965945269959796,0.08218131093744681,3220.7345279050323,3203.4588171040036
0,68,3,29.987965220090327,29.165112082901924,4.87413433534354,0.5972723032030448,0.6032781021711402,0.08301639146886895,3180.6476434959777,3236.4725639841536
0,68,4,33.829953818246004,32.18078438538312,8.36036280007857,0.5714918567008381,0.5842218891421104,0.10956874978186516,3169.2880480543117,3272.6129786956026
0,68,5,38.52777769388593,37.2132750648989,7.43849615783355,0.5231916008627157,0.532321710339346,0.09046528181790937,3197.2853430086134,3228.833302956879
0,68,6,31.132075340303352,29.641308731592755,6.770086006412981,0.5888559374857593,0.6019857129541959,0.09409969674303355,3133.6341041240394,3314.502459976222
0,68,7,30.050305817376493,29.09416072699846,5.424872053299784,0.5971112799998306,0.6016327742444906,0.08238837424012126,3312.994322916187,3122.542726527525
0,68,8,30.414124149220942,29.257472930295314,5.8841930470138895,0.567478857166407,0.572677036429164,0.08445218508066858,3327.5998215130703,3105.2623846207957
0,68,9,31.704990871347984,30.50808269108424,6.359570176545383,0.5747013798658529,0.5810106839590312,0.0929861393226199,3193.539998228079,3229.5912937700678
0,68,10,34.4013192845015,33.21413313894354,7.090774729488309,0.5280797231768222,0.5355188347915709,0.09957809996184071,3297.850516165361,3138.6007656237143
0,70,1,29.765303414418494,29.237449608529708,4.60774082654019,0.5972986151155341,0.601074717456717,0.07971070083731616,3141.1692050456263,3186.686785588054
0,70,2,29.730816164147313,29.16837681556857,4.8979886585591395,0.5926195263010571,0.5959583530386292,0.07726803934500373,3174.4238979541224,3156.4948134549113
0,70,3,28.766403893560128,27.97115779325855,4.521100414588908,0.5868271043810346,0.5904826114367021,0.0817924476290419,3133.0121556617564,3189.4703856555634
0,70,4,28.019820288742586,27.628270005133537,4.46442069786432,0.6356222112101697,0.6465555456236654,0.0833989893227839,3122.8253877254574,3225.242790151587
0,70,5,37.85492958347833,36.56495275392422,7.897026316370799,0.5231662795253015,0.5306116354087398,0.1050058868294894,3151.4839116339213,3183.3115844236504
0,70,6,36.24908752850392,34.9227004562863,8.125616869184137,0.527682693382457,0.5349021067642954,0.10203542020336746,3087.3930817716587,3265.3260848651885
0,70,7,31.10789264531928,29.924352371690915,5.876648834356073,0.565568110032084,0.5776458782041609,0.09049482484722518,3265.47691313791,3076.5450610715966
0,70,8,32.426117268325406,30.851710118687485,6.723605511152984,0.5260655775682046,0.5342831654303336,0.10258040215770162,3279.1809500316813,3059.861071104578
0,70,9,34.30086882102606,33.17342948085175,6.899810090575707,0.5323093682707618,0.5358689230532456,0.0999314977246724,3147.0788904749543,3183.8595763682165
0,70,10,32.58351447113337,31.555391388951726,6.316308014699913,0.5605506413702297,0.5631561787684063,0.09443416881180877,3250.1618603544634,3092.1921138552498
0,72,1,33.93179815688085,32.79484295702697,6.5977222463607745,0.52172812063183,0.5267999020958232,0.09459299509051204,3095.1836786569,3140.5510433805034
0,72,2,29.63764795032196,28.65546475797998,5.097692396844056,0.6058475373115402,0.6111417509916282,0.0775933206733508,3128.629943271355,3111.575894049114
0,72,3,30.506034514592898,29.740061805382915,5.3892009332651565,0.5759953052090383,0.5792532807132948,0.08660616220971873,3088.2676034706456,3143.8196691015123
0,72,4,33.949923706920394,31.255024105236075,9.746917434939208,0.554762489278597,0.5867945169573453,0.1399762157497985,3077.6560535224157,3178.673771555824
0,72,5,38.73974246966256,37.72518944071082,7.530218929936081,0.5801050292980575,0.5913904383052901,0.09025095972195038,3106.0323677156643,3136.4681774972883
0,72,6,37.66845599092379,36.12650882934744,8.610441132688338,0.475217938599718,0.4953845503008855,0.12271646505884584,3042.2760538429184,3217.7349287662164
0,72,7,30.25219395890109,29.402464354713132,5.443531533028749,0.5831042056505183,0.5875028089548403,0.08405225726328738,3217.3270639571115,3032.1400655878665
0,72,8,30.404114940596617,29.162729859031007,5.698054458750781,0.5655683731981599,0.5769371545990609,0.08404352448024498,3231.284656062207,3015.416875761837
0,72,9,38.20033506988662,36.90968733814307,7.986820678231992,0.45089049432496886,0.45607033014154297,0.10864635983681203,3101.72717507038,3138.026272224863
0,72,10,35.464719929025875,34.80705106008344,6.477303082405287,0.5123146608559298,0.5232235987173535,0.10799769731924384,3203.7233938095474,3046.91137371237
0,74,1,31.847140244244642,29.844382236753262,7.553091429469909,0.5712513194671922,0.5866511877569278,0.10672526157048737,3051.5971297710917,3095.610267651448
0,74,2,30.11646365894244,28.975171539458522,5.386045968391592,0.5989686683748683,0.61268320963042,0.08945191341883933,3085.7382983425396,3067.088681120489
0,74,3,30.325169331217126,29.114633729509983,5.633311759627209,0.5767541214737201,0.5834819620377745,0.08714717094673996,3042.742918836311,3099.2640762793458
0,74,4,31.393289868847734,29.577832610057015,7.283530947004482,0.5866569407500704,0.590949574601481,0.08748119296137266,3034.457916076349,3132.9883098412147
0,74,5,37.482050314978835,36.36624892948577,8.185189664719285,0.5295591014473164,0.5482875291395093,0.127578505826606,3060.9733100189355,3092.5754806690475
0,74,6,42.40430330820639,41.5297908088338,9.520994678110636,0.4126732077670873,0.4077196141943876,0.1229902415934393,2999.0189971483837,3171.4282535029283
0,74,7,28.434377835424083,27.87691661151773,4.453146438668846,0.6090323957234212,0.613633547595458,0.08037286121435658,3171.5967445260535,2987.3105271668946
0,74,8,32.216223994214815,30.646579492168094,6.969261611489075,0.5356881967773708,0.5466408901078649,0.1011202239935416,3185.0923701079664,2971.6707298712445
0,74,9,35.27836536871298,34.30392784426644,6.957176524504983,0.48651578210354063,0.49074523446916213,0.10113994192890675,3057.5784944615043,3093.542724652097
0,74,10,36.33633135070529,34.91227571757029,8.099985683163842,0.5016700184695126,0.5048993137443352,0.12101763560523586,3157.569783103833,3004.3638076672564
0,76,1,35.04054924850899,34.58437996998421,6.397616227976513,0.5055377514244089,0.5112879382162524,0.09795365815319733,3008.4653095353174,3051.314294141883
0,76,2,29.466301043007793,28.392081615934817,5.513328387127333,0.597978002448984,0.600880603412067,0.07188501186516218,3041.835470798466,3023.5273301487455
0,76,3,29.66078236282149,29.058914364676056,4.076974453270017,0.5739625489483531,0.5761147814398815,0.07932474620121512,2998.6253548557147,3055.6614731187065
0,76,4,29.761390491938183,29.183821315116962,4.513463913655997,0.5943037614030097,0.5963293460425483,0.07933437110966274,2991.5927362241664,3087.7124946961476
0,76,5,41.24075456763515,39.69749621282914,9.937685311729412,0.4876791164362598,0.4990848117919736,0.1249228626481613,3017.138023917845,3048.518206751507
0,76,6,36.76183812414888,35.06403398882229,9.37122957981799,0.4581868796564761,0.4600194315646667,0.12517897811990486,2956.6647944993256,3126.400562872321
0,76,7,31.558607695451123,30.343427562448774,6.0723285031827885,0.5413971048905972,0.552323154597064,0.09819391965970192,3126.5184541336243,2945.945266533923
0,76,8,30.547217322539915,29.940930453264805,5.621438525770814,0.564134389470639,0.5682509855541072,0.08670796143744196,3139.54865633712,2929.5269011551363
0,76,9,35.483050256328454,33.45052238677161,8.918201733539675,0.508297870071539,0.526118891542055,0.1159171341195314,3013.434231125864,3048.605545002619
0,76,10,35.35315993346909,33.85327366990546,8.311697779718278,0.5127874416487389,0.525011446098623,0.12047268688751848,3111.8015666192055,2960.919493706091
0,78,1,33.142312823742884,32.17788489376761,6.290735933675818,0.5417263924537854,0.5516111678708217,0.09815851622569684,2966.772075503244,3009.4834858118193
0,78,2,29.571927754295007,28.95168586342217,4.771476728180182,0.6027479088896196,0.6153196963152413,0.09149209361223994,3000.283543644313,2980.7524695717884
0,78,3,31.97020877272839,31.073040895140384,5.608638869199253,0.542457808425599,0.5500085670440479,0.08497668630945177,2957.3544109510353,3012.745466846776
0,78,4,26.595111959219608,26.006911696461188,4.008196686087529,0.6478634925815699,0.6523079304146877,0.0708905900869497,2949.512773068459,3043.5793693051305
0,78,5,39.804216477900226,38.899365989879826,7.973226294089141,0.4778746310540707,0.4921279701718206,0.11388612077781127,2974.147469189513,3007.261239603668
0,78,6,38.136796758950666,36.790862594150184,8.743692642874493,0.4649955119834549,0.47513157950313234,0.11142688465268878,2913.8488454772705,3082.617451471047
0,78,7,31.00009039197842,29.784763859304945,5.735939077857797,0.5734641504139538,0.5787226523492823,0.09420756127194148,3083.053957286174,2904.9057197642073
0,78,8,33.03268555328098,30.560970187590804,8.752505194870013,0.5270635143225255,0.5485383640849287,0.12341831546487847,3095.334401723302,2888.2197160269234
0,78,9,35.67228262418586,34.458183344568106,7.204015199960924,0.4800922120703759,0.4812584060553512,0.09990426470173579,2971.0266669452585,3006.4386408716273
0,78,10,29.333175095333367,28.75884902211947,4.247564003256824,0.5995634150249942,0.6096136678266342,0.08983909962913375,3067.91758358412,2918.5485309117325
